Kommun,Tjänstemän på kommunhuset,Undersköterskor,Förskolepersonal,Läns-/kommunkod,Länstillhörighet,Namn,E-post,Telefon,Webbadress,Postaddress 1,Postnr,Ort
ale kommun,Ja,Ja,Ja,1440,14,ale kommun,kommun@ale.se,0303-70 30 00,http://www.ale.se,,44980,ALAFORS
alingsås kommun,Nej,Nej,Nej,1489,14,alingsås kommun,kommunstyrelsen@alingsas.se,0322-616000,http://www.alingsas.se,,44181,ALINGSÅS
alvesta kommun,Ja,Ja,Ja,764,7,alvesta kommun,klk@alvesta.se,0472-15000,http://www.alvesta.se,,34280,ALVESTA
aneby kommun,Ja,Ja,Ja,604,6,aneby kommun,info@aneby.se,0380-461 00,http://www.aneby.se,Box 53,57822,ANEBY
arboga kommun,Ja,Ja,Ja,1984,19,arboga kommun,arboga.kommun@arboga.se,0589-87000,http://www.arboga.se,Box 45,73221,ARBOGA
arjeplogs kommun,Ja,Ja,Ja,2506,25,arjeplogs kommun,kommun@arjeplog.se,0961-140 00,http://www.arjeplog.se,,93881,ARJEPLOG
arvidsjaurs kommun,Ja,Ja,Ja,2505,25,arvidsjaurs kommun,kommun@arvidsjaur.se,0960-15500,http://www.arvidsjaur.se,,93381,ARVIDSJAUR
arvika kommun,Nej,Nej,Nej,1784,17,arvika kommun,arvika.kommun@arvika.se,0570-816 00,http://www.arvika.se,,67181,ARVIKA
askersunds kommun,Ja,Ja,Ja,1882,18,askersunds kommun,kommun@askersund.se,0583-81000,http://www.askersund.se,,69682,ASKERSUND
avesta kommun,Ja,Ja,Ja,2084,20,avesta kommun,kommun@avesta.se,0226-645000,http://www.avesta.se,,77481,AVESTA
bengtsfors kommun,Nej,Nej,Nej,1460,14,bengtsfors kommun,kommun@bengtsfors.se,0531-526000,http://www.bengtsfors.se,Box 14,66621,BENGTSFORS
bergs kommun,Nej,Nej,Nej,2326,23,bergs kommun,bergs.kommun@berg.se,0687-161 00,http://www.berg.se,Box 73,84521,SVENSTAVIK
bjurholms kommun,Ej svar,Ej svar,Ej svar,2403,24,bjurholms kommun,kommunen@bjurholm.se,0932-14000,http://www.bjurholm.se,,91681,BJURHOLM
bjuvs kommun,Ja,Ja,Ja,1260,12,bjuvs kommun,info@bjuv.se,042-4585000,http://www.bjuv.se,Box 501,26725,BJUV
bodens kommun,Ja,Ja,Ja,2582,25,bodens kommun,kommunen@boden.se,0921-62000,http://www.boden.se,,96186,BODEN
bollebygds kommun,Ej svar,Ej svar,Ej svar,1443,14,bollebygds kommun,kommunen@bollebygd.se,033-23 13 00,http://www.bollebygd.se,,51783,BOLLEBYGD
bollnäs kommun,Nej,Ja,Vet inte,2183,21,bollnäs kommun,bollnas@bollnas.se,0278-25000,http://www.bollnas.se,,82180,BOLLNÄS
borgholms kommun,Ja,Ja,Ja,885,8,borgholms kommun,kommun@borgholm.se,0485-88000,http://www.borgholm.se,Box 52,38721,BORGHOLM
borlänge kommun,Ja,Ja,Ja,2081,20,borlänge kommun,kommun@borlange.se,0243-74000,http://www.borlange.se,,78181,BORLÄNGE
borås stad,Ja,Ja,Ja,1490,14,borås stad,boras.stad@boras.se,033-357000,http://www.boras.se,,50180,BORÅS
botkyrka kommun,Ja,Ja,Ja,127,1,botkyrka kommun,medborgarcenter@botkyrka.se,08-530 610 00,http://www.botkyrka.se,,14785,TUMBA
boxholms kommun,Ej svar,Ej svar,Ej svar,560,5,boxholms kommun,kommun@boxholm.se,0142-89500,http://www.boxholm.se,Box 79,59010,BOXHOLM
bromölla kommun,Ja,Ja,Ja,1272,12,bromölla kommun,kommunstyrelsen@bromolla.se,0456-822000,http://www.bromolla.se,Box 18,29521,BROMÖLLA
bräcke kommun,Nej,Nej,Nej,2305,23,bräcke kommun,bracke@bracke.se,0693-16100,http://www.bracke.se,Box 190,84060,BRÄCKE
burlövs kommun,Ja,Ja,Ja,1231,12,burlövs kommun,burlovs.kommun@burlov.se,040-625 60 00,http://www.burlov.se,Box 53,23221,ARLÖV
båstads kommun,Nej,Nej,Nej,1278,12,båstads kommun,bastads.kommun@bastad.se,0431-77000,http://www.bastad.se,,26980,BÅSTAD
dals-eds kommun,Nej,Nej,Nej,1438,14,dals-eds kommun,kommun@dalsed.se,0534-190 00,http://www.dalsed.se,Box 31,66821,ED
danderyds kommun,Ja,Ja,Ja,162,1,danderyds kommun,kommunen@danderyd.se,08-568 910 00,http://www.danderyd.se,Box 66,18205,DJURSHOLM
degerfors kommun,Ja,Ja,Ja,1862,18,degerfors kommun,kommun@degerfors.se,0586-48100,http://www.degerfors.se,,69380,DEGERFORS
dorotea kommun,Nej,Nej,Nej,2425,24,dorotea kommun,info@dorotea.se,0942-14000,http://www.dorotea.se,,91781,DOROTEA
eda kommun,Nej,Nej,Nej,1730,17,eda kommun,kommun@eda.se,0571-281 00,http://www.eda.se,Box 66,67322,CHARLOTTENBERG
ekerö kommun,Ja,Ja,Ja,125,1,ekerö kommun,info@ekero.se,08-124 571 00,http://www.ekero.se,Box 205,17823,EKERÖ
eksjö kommun,Ja,Ja,Ja,686,6,eksjö kommun,kommun@eksjo.se,0381-36000,http://www.eksjo.se,,57580,EKSJÖ
emmaboda kommun,Nej,Vet inte,Vet inte,862,8,emmaboda kommun,kommunen@emmaboda.se,0471-24 90 00,http://www.emmaboda.se,Box 54,36121,EMMABODA
enköpings kommun,Ja,Ja,Ja,381,3,enköpings kommun,kommunen@enkoping.se,0171-62 50 00,http://www.enkoping.se,,74580,ENKÖPING
eskilstuna kommun,Ja,Ja,Ja,484,4,eskilstuna kommun,eskilstuna.kommun@eskilstuna.se,016-710 10 00,http://www.eskilstuna.se/,,63186,ESKILSTUNA
eslövs kommun,Ja,Ja,Ja,1285,12,eslövs kommun,kommunen@eslov.se,0413-620 00,http://www.eslov.se,,24180,ESLÖV
essunga kommun,Ja,Ja,Ja,1445,14,essunga kommun,kommun@essunga.se,0512-57000,http://www.essunga.se,,46582,NOSSEBRO
fagersta kommun,Ja,Ja,Ja,1982,19,fagersta kommun,info@fagersta.se,0223-44000,http://www.fagersta.se,,73780,FAGERSTA
falkenbergs kommun,Vet inte,Vet inte,Vet inte,1382,13,falkenbergs kommun,kommun@falkenberg.se,0346-886000,http://www.falkenberg.se,,31180,FALKENBERG
falköpings kommun,Ja,Vet inte,Vet inte,1499,14,falköpings kommun,kommunen@falkoping.se,0515-885000,http://www.falkoping.se,,52181,FALKÖPING
falu kommun,Ja,Ja,Ja,2080,20,falu kommun,kontaktcenter@falun.se,023-830 00,http://www.falun.se,,79183,FALUN
filipstads kommun,Ja,Ja,Ja,1782,17,filipstads kommun,kommun@filipstad.se,0590-61100,http://www.filipstad.se,Box 303,68227,FILIPSTAD
finspångs kommun,Nej,Ja,Ja,562,5,finspångs kommun,kommun@finspang.se,0122-85000,http://www.finspang.se,,61280,FINSPÅNG
flens kommun,Ja,Ja,Ja,482,4,flens kommun,flenskommun@flen.se,0157-43 00 00,http://www.flen.se,,64281,FLEN
forshaga kommun,Nej,Nej,Nej,1763,17,forshaga kommun,kommun@forshaga.se,054-172000,http://www.forshaga.se,Box 93,66722,FORSHAGA
färgelanda kommun,Nej,Nej,Nej,1439,14,färgelanda kommun,kommun@fargelanda.se,0528-567000,http://www.fargelanda.se,,45880,FÄRGELANDA
gagnefs kommun,Nej,Nej,Nej,2026,20,gagnefs kommun,registrator@gagnef.se,0241-15100,http://www.gagnef.se,,78580,GAGNEF
gislaveds kommun,Ja,Ja,Ja,662,6,gislaveds kommun,kommunen@gislaved.se,0371-81000,http://www.gislaved.se,,33280,GISLAVED
gnesta kommun,Ja,Ja,Ja,461,4,gnesta kommun,gnesta.kommun@gnesta.se,0158-27 50 00,http://www.gnesta.se,,64680,GNESTA
gnosjö kommun,Nej,Nej,Nej,617,6,gnosjö kommun,kommun@gnosjo.se,0370-331000,http://www.gnosjo.se,,33580,GNOSJÖ
grums kommun,Nej,Nej,Nej,1764,17,grums kommun,kommunstyrelse@grums.se,0555-42000,http://www.grums.se,,66480,GRUMS
grästorps kommun,Ej svar,Ej svar,Ej svar,1444,14,grästorps kommun,kommun@grastorp.se,0514-58000,http://www.grastorp.se,,46780,GRÄSTORP
gullspångs kommun,Ej svar,Ej svar,Ej svar,1447,14,gullspångs kommun,kommun@gullspang.se,0506-36000,http://www.gullspang.se,Box 80,54822,HOVA
gällivare kommun,Ja,Ja,Ja,2523,25,gällivare kommun,post@gallivare.se,0970-81 80 00,http://www.gellivare.se,,98281,GÄLLIVARE
gävle kommun,Ja,Ja,Ja,2180,21,gävle kommun,gavle.kommun@gavle.se,026-17 80 00,http://www.gavle.se,,80184,GÄVLE
göteborgs stad,Ja,Ja,Ja,1480,14,göteborgs stad,stadsledningskontoret@stadshuset.goteborg.se,031-365 00 00,http://www.goteborg.se,,40482,GÖTEBORG
götene kommun,Ej svar,Ej svar,Ej svar,1471,14,götene kommun,gotene.kommun@gotene.se,0511-38 60 00,http://www.gotene.se,,53380,GÖTENE
habo kommun,Ej svar,Ej svar,Ej svar,643,6,habo kommun,info@habokommun.se,036-4428000,http://www.habokommun.se,Box 212,56624,HABO
hagfors kommun,Ja,Ja,Ja,1783,17,hagfors kommun,kommun@hagfors.se,0563-185 00,http://www.hagfors.se,,68380,HAGFORS
hallsbergs kommun,Nej,Nej,Nej,1861,18,hallsbergs kommun,kommun@hallsberg.se,0582-685000,http://www.hallsberg.se,,69480,HALLSBERG
hallstahammars kommun,Ja,Ja,Ja,1961,19,hallstahammars kommun,kommun@hallstahammar.se,0220-24000,http://www.hallstahammar.se,,73480,HALLSTAHAMMAR
halmstads kommun,Ja,Ja,Ja,1380,13,halmstads kommun,kommunstyrelsen@halmstad.se,035-137000,http://www.halmstad.se,Box 153,30105,HALMSTAD
hammarö kommun,Ej svar,Ej svar,Ej svar,1761,17,hammarö kommun,kommun@hammaro.se,054-51 50 00,http://www.hammaro.se,Box 26,66321,SKOGHALL
haninge kommun,Ja,Ja,Ja,136,1,haninge kommun,haningekommun@haninge.se,08-6067000,http://www.haninge.se,,13681,HANINGE
haparanda stad,Ej svar,Ej svar,Ej svar,2583,25,haparanda stad,kommunen@haparanda.se,0922-260 00,http://www.haparanda.se,,95385,HAPARANDA
heby kommun,Vet inte,Vet inte,Vet inte,331,3,heby kommun,information@heby.se,0224-36000,http://www.heby.se,,74488,HEBY
hedemora kommun,Ja,Ja,Ja,2083,20,hedemora kommun,kommun@hedemora.se,0225-34000,http://www.hedemora.se,Box 201,77628,HEDEMORA
helsingborgs stad,Ja,Ja,Ja,1283,12,helsingborgs stad,kontaktcenter@helsingborg.se,042-10 50 00,http://www.helsingborg.se,,25189,HELSINGBORG
herrljunga kommun,Ej svar,Ej svar,Ej svar,1466,14,herrljunga kommun,herrljunga.kommun@herrljunga.se,0513-170 00,http://www.herrljunga.se,Box 201,52423,HERRLJUNGA
hjo kommun,Ej svar,Ej svar,Ej svar,1497,14,hjo kommun,kommunen@hjo.se,0503-350 00,http://www.hjo.se,,54481,HJO
hofors kommun,Ja,Ja,Ja,2104,21,hofors kommun,hofors.kommun@hofors.se,0290-29000,http://www.hofors.se,,81381,HOFORS
huddinge kommun,Ej svar,Ej svar,Ej svar,126,1,huddinge kommun,servicecenter@huddinge.se,08-535 300 00,http://www.huddinge.se,,14185,HUDDINGE
hudiksvalls kommun,Nej,Nej,Nej,2184,21,hudiksvalls kommun,kommun@hudiksvall.se,0650-19000,http://www.hudiksvall.se,,82480,HUDIKSVALL
hultsfreds kommun,Nej,Nej,Nej,860,8,hultsfreds kommun,kommunen@hultsfred.se,0495-240000,http://www.hultsfred.se,Box 500,57726,HULTSFRED
hylte kommun,Ej svar,Ej svar,Ej svar,1315,13,hylte kommun,kommunen@hylte.se,0345-18000,http://www.hylte.se,,31480,HYLTEBRUK
hällefors kommun,Ja,Ja,Ja,1863,18,hällefors kommun,kommun@hellefors.se,0591-64100,http://www.hellefors.se,,71283,HÄLLEFORS
härjedalens kommun,Nej,Nej,Nej,2361,23,härjedalens kommun,kommun@herjedalen.se,0680-16100,http://www.herjedalen.se,Medborgarhuset,84280,SVEG
härnösands kommun,Ja,Ja,Ja,2280,22,härnösands kommun,kommun@harnosand.se,0611-348000,http://www.harnosand.se,,87180,HÄRNÖSAND
härryda kommun,Nej,Nej,Nej,1401,14,härryda kommun,kommun@harryda.se,031-7246100,http://www.harryda.se,,43580,MÖLNLYCKE
hässleholms kommun,Ja,Ja,Ja,1293,12,hässleholms kommun,kommunen@hassleholm.se,0451-267000,http://www.hassleholm.se,Stadshuset,28180,HÄSSLEHOLM
håbo kommun,Ja,Ja,Ja,305,3,håbo kommun,kommun@habo.se,0171-525 00,http://www.habo.se,,74680,BÅLSTA
höganäs kommun,Ja,Ja,Ja,1284,12,höganäs kommun,kommunen@hoganas.se,042-337100,http://www.hoganas.se,Stadshuset,26382,HÖGANÄS
högsby kommun,Nej,Nej,Nej,821,8,högsby kommun,kommun@hogsby.se,0491-290 00,http://www.hogsby.se,,57980,HÖGSBY
hörby kommun,Ja,Vet inte,Vet inte,1266,12,hörby kommun,kommunen@horby.se,0415-37 80 00,http://www.horby.se,,24280,HÖRBY
höörs kommun,Ja,Ja,Ja,1267,12,höörs kommun,kommun@hoor.se,0413-28000,http://www.hoor.se,Box 53,24321,HÖÖR
jokkmokks kommun,Ja,Ja,Ja,2510,25,jokkmokks kommun,kommun@jokkmokk.se,0971-17000,http://www.jokkmokk.se,,96285,JOKKMOKK
järfälla kommun,Ja,Vet inte,Vet inte,123,1,järfälla kommun,kontakt@jarfalla.se,08-580 285 00,http://www.jarfalla.se,,17780,JÄRFÄLLA
jönköpings kommun,Nej,Nej,Nej,680,6,jönköpings kommun,kommunstyrelse@jonkoping.se,036-10 50 00,http://www.jonkoping.se,,55189,JÖNKÖPING
kalix kommun,Nej,Nej,Nej,2514,25,kalix kommun,kommun@kalix.se,0923-65000,http://www.kalix.se,,95281,KALIX
kalmar kommun,Ja,Ja,Ja,880,8,kalmar kommun,kommun@kalmar.se,0480-450000,http://www.kalmar.se,Box 611,39126,KALMAR
karlsborgs kommun,Ja,Ja,Ja,1446,14,karlsborgs kommun,kommun@karlsborg.se,0505-17000,http://www.karlsborg.se,,54682,KARLSBORG
karlshamns kommun,Nej,Nej,Nej,1082,10,karlshamns kommun,info@karlshamn.se,0454-81000,http://www.karlshamn.se,,37481,KARLSHAMN
karlskoga kommun,Nej,Nej,Nej,1883,18,karlskoga kommun,info@karlskoga.se,0586-610 00,http://www.karlskoga.se,,69183,KARLSKOGA
karlskrona kommun,Ja,Ja,Ja,1080,10,karlskrona kommun,karlskrona.kommun@karlskrona.se,0455-303000,http://www.karlskrona.se,,37183,KARLSKRONA
karlstads kommun,Ja,Ja,Ja,1780,17,karlstads kommun,karlstadskommun@karlstad.se,054-5400000,http://www.karlstad.se,,65184,KARLSTAD
katrineholms kommun,Ja,Ja,Ja,483,4,katrineholms kommun,kommunen@katrineholm.se,0150-570 00,http://www.katrineholm.se,,64180,KATRINEHOLM
kils kommun,Ja,Ja,Ja,1715,17,kils kommun,kommun@kil.se,0554-19100,http://www.kil.se,Box 88,66523,KIL
kinda kommun,Ja,Ja,Ja,513,5,kinda kommun,kinda@kinda.se,0494-19000,http://www.kinda.se,Box 1,59040,KISA
kiruna kommun,Ej svar,Ej svar,Ej svar,2584,25,kiruna kommun,kommun@kiruna.se,0980-700 00,http://www.kiruna.se,,98185,KIRUNA
klippans kommun,Ja,Ja,Ja,1276,12,klippans kommun,kommun@klippan.se,0435-28000,http://www.klippan.se,,26480,KLIPPAN
knivsta kommun,Ja,Ja,Ja,330,3,knivsta kommun,knivsta@knivsta.se,018-347000,http://www.knivsta.se,,74175,KNIVSTA
kramfors kommun,Ja,Ja,Ja,2282,22,kramfors kommun,kommun@kramfors.se,0612-800 00,http://www.kramfors.se,,87280,KRAMFORS
kristianstads kommun,Vet inte,Vet inte,Vet inte,1290,12,kristianstads kommun,kommun@kristianstad.se,044-13 50 00,http://www.kristianstad.se,,29180,KRISTIANSTAD
kristinehamns kommun,Ja,Ja,Ja,1781,17,kristinehamns kommun,kommunen@kristinehamn.se,0550-88000,http://www.kristinehamn.se,,68184,KRISTINEHAMN
krokoms kommun,Nej,Nej,Nej,2309,23,krokoms kommun,krokoms.kommun@krokom.se,0640-16100,http://www.krokom.se,,83580,KROKOM
kumla kommun,Nej,Nej,Nej,1881,18,kumla kommun,kommun@kumla.se,019-58 80 00,http://www.kumla.se,,69280,KUMLA
kungsbacka kommun,Ja,Ja,Ja,1384,13,kungsbacka kommun,kommun@kungsbacka.se,0300-834000,http://www.kungsbacka.se,Stadshuset,43481,KUNGSBACKA
kungsörs kommun,Ja,Ja,Ja,1960,19,kungsörs kommun,info@kungsor.se,0227-600000,http://www.kungsor.se,,73685,KUNGSÖR
kungälvs kommun,Ja,Ja,Ja,1482,14,kungälvs kommun,kommun@kungalv.se,0303-23 80 00,http://www.kungalv.se,,44281,KUNGÄLV
kävlinge kommun,Ja,Ja,Ja,1261,12,kävlinge kommun,kommunen@kavlinge.se,046-73 90 00,http://www.kavlinge.se,,24480,KÄVLINGE
köpings kommun,Ja,Ja,Ja,1983,19,köpings kommun,kopings.kommun@koping.se,0221-25000,http://www.koping.se,,73185,KÖPING
laholms kommun,Ja,Ja,Ja,1381,13,laholms kommun,kommun@laholm.se,0430-150 00,http://www.laholm.se,,31280,LAHOLM
landskrona stad,Ja,Ja,Ja,1282,12,landskrona stad,kommun@landskrona.se,0418-470000,http://www.landskrona.se,Stadshuset,26180,LANDSKRONA
laxå kommun,Ja,Ja,Ja,1860,18,laxå kommun,kommun@laxa.se,0584-473100,http://www.laxa.se,,69580,LAXÅ
lekebergs kommun,Ja,Ja,Ja,1814,18,lekebergs kommun,kontaktcenter@lekeberg.se,0585-487 00,http://www.lekeberg.se,,71681,FJUGESTA
leksands kommun,Ja,Ja,Ja,2029,20,leksands kommun,kommun@leksand.se,0247-80000,http://www.leksand.se,,79380,LEKSAND
lerums kommun,Ej svar,Ej svar,Ej svar,1441,14,lerums kommun,kommun@lerum.se,0302-52 10 00,http://www.lerum.se,,44380,LERUM
lessebo kommun,Ja,Ja,Ja,761,7,lessebo kommun,info@lessebo.se,0478-125 00,http://www.lessebo.se,Box 13,36050,LESSEBO
lidingö stad,Ej svar,Ej svar,Ej svar,186,1,lidingö stad,lidingo.stad@lidingo.se,08-731 30 00,http://www.lidingo.se,,18182,LIDINGÖ
lidköpings kommun,Nej,Nej,Nej,1494,14,lidköpings kommun,kommun@lidkoping.se,0510-770000,http://www.lidkoping.se,,53188,LIDKÖPING
lilla edets kommun,Ja,Ja,Ja,1462,14,lilla edets kommun,kommunen@lillaedet.se,0520-659500,http://www.lillaedet.se,,46380,LILLA EDET
lindesbergs kommun,Nej,Nej,Nej,1885,18,lindesbergs kommun,kommun@lindesberg.se,0581-81000,http://www.lindesberg.se,,71180,LINDESBERG
linköpings kommun,Ja,Ja,Ja,580,5,linköpings kommun,kontakt@linkoping.se,013-20 60 00,http://www.linkoping.se,,58181,LINKÖPING
ljungby kommun,Ja,Ja,Ja,781,7,ljungby kommun,info@ljungby.se,0372-78 90 00,http://www.ljungby.se,,34183,LJUNGBY
ljusdals kommun,Vet inte,Vet inte,Vet inte,2161,21,ljusdals kommun,kommun@ljusdal.se,0651-18000,http://www.ljusdal.se,,82780,LJUSDAL
ljusnarsbergs kommun,Nej,Nej,Nej,1864,18,ljusnarsbergs kommun,kommun@ljusnarsberg.se,0580-805 00,http://www.ljusnarsberg.se,,71480,KOPPARBERG
lomma kommun,Ja,Ja,Ja,1262,12,lomma kommun,info@lomma.se,040-641 10 00,http://www.lomma.se,,23481,LOMMA
ludvika kommun,Ja,Ja,Ja,2085,20,ludvika kommun,info@ludvika.se,0240-86000,http://www.ludvika.se,,77182,LUDVIKA
luleå kommun,Ja,Ja,Ja,2580,25,luleå kommun,lulea.kommun@lulea.se,0920-45 30 00,http://www.lulea.se,,97185,LULEÅ
lunds kommun,Ej svar,Ej svar,Ej svar,1281,12,lunds kommun,lunds.kommun@lund.se,046-355000,http://www.lund.se,Box 41,22100,LUND
lycksele kommun,Nej,Nej,Nej,2481,24,lycksele kommun,kommun@lycksele.se,0950-16600,http://www.lycksele.se,,92181,LYCKSELE
lysekils kommun,Ja,Ja,Ja,1484,14,lysekils kommun,registrator@lysekil.se,0523-61 30 00,http://www.lysekil.se,,45380,LYSEKIL
malmö stad,Ja,Vet inte,Vet inte,1280,12,malmö stad,kommunstyrelsen@malmo.se,040-341000,http://www.malmo.se,,20580,MALMÖ
malung-sälens kommun,Ja,Ja,Ja,2023,20,malung-sälens kommun,kommun@malung-salen.se,0280-18100,http://www.malung-salen.se,Box 14,78221,MALUNG
malå kommun,Ej svar,Ej svar,Ej svar,2418,24,malå kommun,kommunstyrelsen@mala.se,0953-140 00,http://www.mala.se,,93070,MALÅ
mariestads kommun,Ej svar,Ej svar,Ej svar,1493,14,mariestads kommun,info@mariestad.se,0501-755000,http://www.mariestad.se,,54286,MARIESTAD
markaryds kommun,Ja,Ja,Ja,767,7,markaryds kommun,ks@markaryd.se,0433-72000,http://www.markaryd.se,Box 74,28522,MARKARYD
marks kommun,Ej svar,Ej svar,Ej svar,1463,14,marks kommun,ks@mark.se,0320-217000,http://www.mark.se,,51180,KINNA
melleruds kommun,Nej,Nej,Nej,1461,14,melleruds kommun,kommunen@mellerud.se,0530-18000,http://www.mellerud.se,,46480,MELLERUD
mjölby kommun,Nej,Nej,Vet inte,586,5,mjölby kommun,mjolbykommun@mjolby.se,0142-850 00,http://www.mjolby.se,,59580,MJÖLBY
mora kommun,Nej,Vet inte,Vet inte,2062,20,mora kommun,mora.kommun@mora.se,0250-26000,http://www.mora.se,,79280,MORA
motala kommun,Nej,Ja,Ja,583,5,motala kommun,motala.kommun@motala.se,0141-22 50 00,http://www.motala.se/kommun,,59186,MOTALA
mullsjö kommun,Ja,Ja,Ja,642,6,mullsjö kommun,kommun@mullsjo.se,0392-140 00,http://www.mullsjo.se,Box 47,56521,MULLSJÖ
munkedals kommun,Ej svar,Ej svar,Ej svar,1430,14,munkedals kommun,munkedal.kommun@munkedal.se,0524-18000,http://www.munkedal.se,,45580,MUNKEDAL
munkfors kommun,Ja,Ja,Ja,1762,17,munkfors kommun,kommun@munkfors.se,0563-54 10 00,http://www.munkfors.se,Box 13,68421,MUNKFORS
mölndals stad,Ja,Ja,Ja,1481,14,mölndals stad,kontakt@molndal.se,031-315 10 00,http://www.molndal.se,,43182,MÖLNDAL
mönsterås kommun,Nej,Nej,Nej,861,8,mönsterås kommun,kommun@monsteras.se,0499-17000,http://www.monsteras.se,Box 54,38322,MÖNSTERÅS
mörbylånga kommun,Ja,Vet inte,Ja,840,8,mörbylånga kommun,kommun@morbylanga.se,0485-47000,http://www.morbylanga.se,,38680,MÖRBYLÅNGA
nacka kommun,Ja,Ja,Ja,182,1,nacka kommun,registrator@nacka.se,08-718 80 00,http://www.nacka.se,,13181,NACKA
nora kommun,Ja,Ja,Ja,1884,18,nora kommun,nora.kommun@nora.se,0587-81000,http://www.nora.se,Tingshuset,71380,NORA
norbergs kommun,Ja,Ja,Ja,1962,19,norbergs kommun,info@norberg.se,0223-290 00,http://www.norberg.se,Box 25,73821,NORBERG
nordanstigs kommun,Ja,Ja,Ja,2132,21,nordanstigs kommun,kommun@nordanstig.se,0652-360 00,http://www.nordanstig.se,Box 56,82921,BERGSJÖ
nordmalings kommun,Nej,Nej,Nej,2401,24,nordmalings kommun,kommun@nordmaling.se,0930-14000,http://www.nordmaling.se,,91481,NORDMALING
norrköpings kommun,Vet inte,Vet inte,Vet inte,581,5,norrköpings kommun,norrkoping.kommun@norrkoping.se,011-150000,http://www.norrkoping.se,Rådhuset,60181,NORRKÖPING
norrtälje kommun,Ja,Ja,Ja,188,1,norrtälje kommun,kontaktcenter@norrtalje.se,0176-710 00,http://www.norrtalje.se,Box 800,76128,NORRTÄLJE
norsjö kommun,Ja,Ja,Ja,2417,24,norsjö kommun,info@norsjo.se,0918-14000,http://www.norsjo.se,,93581,NORSJÖ
nybro kommun,Ja,Ja,Ja,881,8,nybro kommun,kommun@nybro.se,0481-45000,http://www.nybro.se,,38280,NYBRO
nykvarns kommun,Ja,Ja,Ja,140,1,nykvarns kommun,kommun@nykvarn.se,08-555 01000,http://www.nykvarn.se,,15580,NYKVARN
nyköpings kommun,Ja,Ja,Ja,480,4,nyköpings kommun,kommun@nykoping.se,0155-248000,http://www.nykoping.se,,61183,NYKÖPING
nynäshamns kommun,Ja,Ja,Ja,192,1,nynäshamns kommun,kommunstyrelsen@nynashamn.se,08-520 680 00,http://www.nynashamn.se,,14981,NYNÄSHAMN
nässjö kommun,Nej,Nej,Nej,682,6,nässjö kommun,kommunstyrelsen@nassjo.se,0380-51 80 00,http://www.nassjo.se,,57180,NÄSSJÖ
ockelbo kommun,Ja,Ja,Ja,2101,21,ockelbo kommun,kommun@ockelbo.se,0297-55500,http://www.ockelbo.se,,81680,OCKELBO
olofströms kommun,Ja,Ja,Ja,1060,10,olofströms kommun,ks@olofstrom.se,0454-93000,http://www.olofstrom.se,Box 302,29324,OLOFSTRÖM
orsa kommun,Ja,Ja,Ja,2034,20,orsa kommun,orsa.kommun@orsa.se,0250-552100,http://www.orsa.se,Box 23,79421,ORSA
orust kommun,Ja,Ja,Ja,1421,14,orust kommun,kommun@orust.se,0304-33 40 00,http://www.orust.se,,47380,HENÅN
osby kommun,Ja,Ja,Ja,1273,12,osby kommun,kommun@osby.se,0479-180 00,http://www.osby.se,,28380,OSBY
oskarshamns kommun,Nej,Nej,Nej,882,8,oskarshamns kommun,kommunen@oskarshamn.se,0491-88000,http://www.oskarshamn.se,Box 706,57228,OSKARSHAMN
ovanåkers kommun,Nej,Nej,Nej,2121,21,ovanåkers kommun,kommun@ovanaker.se,0271-570 00,http://www.ovanaker.se,,82880,EDSBYN
oxelösunds kommun,Ja,Ja,Ja,481,4,oxelösunds kommun,kommun@oxelosund.se,0155-38000,http://www.oxelosund.se,,61381,OXELÖSUND
pajala kommun,Ja,Ja,Ja,2521,25,pajala kommun,kommun@pajala.se,0978-12000,http://www.pajala.se,,98485,PAJALA
partille kommun,Ej svar,Ej svar,Ej svar,1402,14,partille kommun,kundcenter@partille.se,031-792 10 00,http://www.partille.se,,43382,PARTILLE
perstorps kommun,Ja,Ja,Ja,1275,12,perstorps kommun,kommunhuset@perstorp.se,0435-39000,http://www.perstorp.se,,28485,PERSTORP
piteå kommun,Ja,Ja,Vet inte,2581,25,piteå kommun,kommun@pitea.se,0911-696000,http://www.pitea.se,,94185,PITEÅ
ragunda kommun,Nej,Nej,Nej,2303,23,ragunda kommun,ragunda.kommun@ragunda.se,0696-68 20 00,http://www.ragunda.se,Box 150,84421,HAMMARSTRAND
robertsfors kommun,Ej svar,Ej svar,Ej svar,2409,24,robertsfors kommun,kommun@robertsfors.se,0934-14000,http://www.robertsfors.se,,91581,ROBERTSFORS
ronneby kommun,Nej,Nej,Nej,1081,10,ronneby kommun,stadshuset@ronneby.se,0457-618000,http://www.ronneby.se,Stadshuset,37280,RONNEBY
rättviks kommun,Ej svar,Ej svar,Ej svar,2031,20,rättviks kommun,kommun@rattvik.se,0248-70000,http://www.rattvik.se,,79580,RÄTTVIK
sala kommun,Ja,Ja,Ja,1981,19,sala kommun,kommun.info@sala.se,0224-74 70 00,http://www.sala.se,Box 304,73325,SALA
salems kommun,Ja,Ja,Ja,128,1,salems kommun,info@salem.se,08-53259800,http://www.salem.se,,14480,RÖNNINGE
sandvikens kommun,Ja,Ja,Ja,2181,21,sandvikens kommun,kommun@sandviken.se,026-240000,http://www.sandviken.se,,81180,SANDVIKEN
sigtuna kommun,Ej svar,Ej svar,Ej svar,191,1,sigtuna kommun,sigtuna.kommun@sigtuna.se,08-59126000,http://www.sigtuna.se,,19585,MÄRSTA
simrishamns kommun,Ja,Ja,Ja,1291,12,simrishamns kommun,simrishamns.kommun@simrishamn.se,0414-81 90 00,http://www.simrishamn.se,,27280,SIMRISHAMN
sjöbo kommun,Ej svar,Ej svar,Ej svar,1265,12,sjöbo kommun,kommun@sjobo.se,0416-27000,http://www.sjobo.se,,27580,SJÖBO
skara kommun,Ja,Ja,Ja,1495,14,skara kommun,skara.kommun@skara.se,0511-32000,http://www.skara.se,,53288,SKARA
skellefteå kommun,Nej,Nej,Nej,2482,24,skellefteå kommun,kundtjanst@skelleftea.se,0910-735000,http://www.skelleftea.se,,93185,SKELLEFTEÅ
skinnskattebergs kommun,Ja,Ja,Ja,1904,19,skinnskattebergs kommun,kommun@skinnskatteberg.se,0222-45000,http://www.skinnskatteberg.se,Box 101,73922,SKINNSKATTEBERG
skurups kommun,Ej svar,Ej svar,Ej svar,1264,12,skurups kommun,kansli@skurup.se,0411-536000,http://www.skurup.se,,27480,SKURUP
skövde kommun,Ja,Ja,Ja,1496,14,skövde kommun,skovdekommun@skovde.se,0500-49 80 00,http://www.skovde.se,,54183,SKÖVDE
smedjebackens kommun,Ja,Ja,Ja,2061,20,smedjebackens kommun,kommun@smedjebacken.se,0240-660000,http://www.smedjebacken.se,,77781,SMEDJEBACKEN
sollefteå kommun,Nej,Vet inte,Vet inte,2283,22,sollefteå kommun,kommun@solleftea.se,0620-682000,http://www.solleftea.se,,88180,SOLLEFTEÅ
sollentuna kommun,Ja,Vet inte,Ja,163,1,sollentuna kommun,sollentuna.kommun@sollentuna.se,08-57921000,http://www.sollentuna.se,,19186,SOLLENTUNA
solna stad,Ja,Ja,Ja,184,1,solna stad,kommunstyrelsen@solna.se,08-746 10 00,http://www.solna.se,,17186,SOLNA
sorsele kommun,Ja,Ja,Ja,2422,24,sorsele kommun,kommun@sorsele.se,0952-140 00,http://www.sorsele.se,,92481,SORSELE
sotenäs kommun,Ja,Ja,Ja,1427,14,sotenäs kommun,info@sotenas.se,0523 - 66 40 00,http://www.sotenas.se,,45680,KUNGSHAMN
staffanstorps kommun,Ja,Vet inte,Vet inte,1230,12,staffanstorps kommun,kommunen@staffanstorp.se,046-251100,http://www.staffanstorp.se,,24580,STAFFANSTORP
stenungsunds kommun,Ja,Ja,Ja,1415,14,stenungsunds kommun,kommun@stenungsund.se,0303-730000,http://www.stenungsund.se,,44482,STENUNGSUND
stockholms stad,Ja,Ja,Ja,180,1,stockholms stad,kommunstyrelsen@stockholm.se,08 - 508 290 00,http://www.stockholm.se,Stadshuset,10535,STOCKHOLM
storfors kommun,Ej svar,Ej svar,Ej svar,1760,17,storfors kommun,storfors.kommun@storfors.se,0550-65100,http://www.storfors.se,Box 1001,68829,STORFORS
storumans kommun,Nej,Nej,Nej,2421,24,storumans kommun,ks@storuman.se,0951-14000,http://www.storuman.se,,92381,STORUMAN
strängnäs kommun,Ja,Ja,Ja,486,4,strängnäs kommun,kommun@strangnas.se,0152-291 00,http://www.strangnas.se,,64580,STRÄNGNÄS
strömstads kommun,Ja,Ja,Ja,1486,14,strömstads kommun,kommun@stromstad.se,0526-19000,http://www.stromstad.se,,45280,STRÖMSTAD
strömsunds kommun,Nej,Vet inte,Vet inte,2313,23,strömsunds kommun,kommun@stromsund.se,0670-161 00,http://www.stromsund.se,Box 500,83324,STRÖMSUND
sundbybergs stad,Ja,Vet inte,Vet inte,183,1,sundbybergs stad,kommunstyrelsen@sundbyberg.se,08-7068000,http://www.sundbyberg.se,,17292,SUNDBYBERG
sundsvalls kommun,Ja,Ja,Ja,2281,22,sundsvalls kommun,sundsvalls.kommun@sundsvall.se,060-191000,http://www.sundsvall.se,,85185,SUNDSVALL
sunne kommun,Ej svar,Ej svar,Ej svar,1766,17,sunne kommun,kommun@sunne.se,0565-16000,http://www.sunne.se,,68680,SUNNE
surahammars kommun,Ja,Ja,Ja,1907,19,surahammars kommun,kommunen@surahammar.se,0220-39000,http://www.surahammar.se,Box 203,73523,SURAHAMMAR
svalövs kommun,Ja,Ja,Ja,1214,12,svalövs kommun,info@svalov.se,0418-475000,http://www.svalov.se,,26880,SVALÖV
svedala kommun,Ej svar,Ej svar,Ej svar,1263,12,svedala kommun,kommunen@svedala.se,040-626 80 00,http://www.svedala.se,,23380,SVEDALA
svenljunga kommun,Ej svar,Ej svar,Ej svar,1465,14,svenljunga kommun,kansliet@svenljunga.se,0325-18000,http://www.svenljunga.se,,51280,SVENLJUNGA
säffle kommun,Nej,Nej,Ja,1785,17,säffle kommun,kommun@saffle.se,0533-681000,http://www.saffle.se,,66180,SÄFFLE
säters kommun,Ja,Ja,Ja,2082,20,säters kommun,kommun@sater.se,0225-550 00,http://www.sater.se,Box 300,78327,SÄTER
sävsjö kommun,Nej,Nej,Nej,684,6,sävsjö kommun,kommun@savsjo.se,0382-15200,http://www.savsjo.se,,57680,SÄVSJÖ
söderhamns kommun,Ja,Ja,Ja,2182,21,söderhamns kommun,kommunstyrelsen@soderhamn.se,0270-75000,http://www.soderhamn.se,,82680,SÖDERHAMN
söderköpings kommun,Ja,Ja,Ja,582,5,söderköpings kommun,kommun@soderkoping.se,0121-18100,http://www.soderkoping.se,,61480,SÖDERKÖPING
södertälje kommun,Ja,Ja,Ja,181,1,södertälje kommun,sodertalje.kommun@sodertalje.se,08-523 010 00,http://www.sodertalje.se,,15189,SÖDERTÄLJE
sölvesborgs kommun,Ja,Ja,Ja,1083,10,sölvesborgs kommun,info@solvesborg.se,0456-81 60 00,http://www.solvesborg.se,,29480,SÖLVESBORG
tanums kommun,Nej,Nej,Ja,1435,14,tanums kommun,kommun@tanum.se,0525-180 00,http://www.tanum.se,,45781,TANUMSHEDE
tibro kommun,Nej,Nej,Nej,1472,14,tibro kommun,kommun@tibro.se,0504-18000,http://www.tibro.se,,54380,TIBRO
tidaholms kommun,Nej,Nej,Nej,1498,14,tidaholms kommun,tidaholms.kommun@tidaholm.se,0502-606000,http://www.tidaholm.se,,52283,TIDAHOLM
tierps kommun,Ja,Ja,Ja,360,3,tierps kommun,kommunstyrelsen@tierp.se,0293-18000,http://www.tierp.se,,81580,TIERP
timrå kommun,Nej,Nej,Nej,2262,22,timrå kommun,timra.kommun@timra.se,060-163100,http://www.timra.se,,86182,TIMRÅ
tingsryds kommun,Ej svar,Ej svar,Ej svar,763,7,tingsryds kommun,kommunen@tingsryd.se,0477-44100,http://www.tingsryd.se,Box 88,36222,TINGSRYD
tjörns kommun,Nej,Ja,Vet inte,1419,14,tjörns kommun,kommun@tjorn.se,0304-601000,http://www.tjorn.se,,47180,SKÄRHAMN
tomelilla kommun,Ej svar,Ej svar,Ej svar,1270,12,tomelilla kommun,kommun@tomelilla.se,0417-18000,http://www.tomelilla.se,,27380,TOMELILLA
torsby kommun,Ej svar,Ej svar,Ej svar,1737,17,torsby kommun,torsby.kommun@torsby.se,0560-16000,http://www.torsby.se,,68580,TORSBY
torsås kommun,Ja,Ja,Ja,834,8,torsås kommun,info@torsas.se,0486-33100,http://www.torsas.se,Box 503,38525,TORSÅS
tranemo kommun,Nej,Nej,Nej,1452,14,tranemo kommun,kommun@tranemo.se,0325-576000,http://www.tranemo.se,,51480,TRANEMO
tranås kommun,Nej,Vet inte,Vet inte,687,6,tranås kommun,tranaskommun@tranas.se,0140-68100,http://www.tranas.se,,57382,TRANÅS
trelleborgs kommun,Ja,Ja,Ja,1287,12,trelleborgs kommun,trelleborgs.kommun@trelleborg.se,0410-733000,http://www.trelleborg.se,,23183,TRELLEBORG
trollhättans stad,Ja,Ja,Ja,1488,14,trollhättans stad,trollhattans.stad@trollhattan.se,0520-495000,http://www.trollhattan.se,,46183,TROLLHÄTTAN
trosa kommun,Ja,Ja,Ja,488,4,trosa kommun,trosa@trosa.se,0156-52000,http://www.trosa.se,,61980,TROSA
tyresö kommun,Ja,Ja,Ja,138,1,tyresö kommun,kommun@tyreso.se,08-5782 9100,http://www.tyreso.se,,13581,TYRESÖ
täby kommun,Ja,Ja,Ja,160,1,täby kommun,kc@taby.se,08-555 590 00,http://www.taby.se,,18380,TÄBY
töreboda kommun,Ej svar,Ej svar,Ej svar,1473,14,töreboda kommun,kommunen@toreboda.se,0506-18000,http://www.toreboda.se,Box 83,54522,TÖREBODA
uddevalla kommun,Ja,Ja,Ja,1485,14,uddevalla kommun,kommunen@uddevalla.se,0522-696000,http://www.uddevalla.se,,45181,UDDEVALLA
ulricehamns kommun,Nej,Nej,Nej,1491,14,ulricehamns kommun,kommun@ulricehamn.se,0321-595000,http://www.ulricehamn.se,,52386,ULRICEHAMN
umeå kommun,Ja,Ja,Ja,2480,24,umeå kommun,umea.kommun@umea.se,090- 16 10 00,http://www.umea.se,,90184,UMEÅ
upplands väsby kommun,Ja,Ja,Ja,114,1,upplands väsby kommun,upplands.vasby.kommun@upplandsvasby.se,08-590 970 00,http://www.upplandsvasby.se,,19480,UPPLANDS VÄSBY
upplands-bro kommun,Ja,Ja,Ja,139,1,upplands-bro kommun,kommun@upplands-bro.se,08-581 690 00,http://www.upplands-bro.se,,19681,KUNGSÄNGEN
uppsala kommun,Ej svar,Ej svar,Ej svar,380,3,uppsala kommun,uppsala.kommun@uppsala.se,018-7270000,http://www.uppsala.se,,75375,UPPSALA
uppvidinge kommun,Ja,Ja,Ja,760,7,uppvidinge kommun,ledningskontoret@uppvidinge.se,0474-470 00,http://www.uppvidinge.se,Box 59,36421,ÅSEDA
vadstena kommun,Ja,Ja,Ja,584,5,vadstena kommun,vadstena.kommun@vadstena.se,0143-15000,http://www.vadstena.se,,59280,VADSTENA
vaggeryds kommun,Ja,Ja,Ja,665,6,vaggeryds kommun,info@vaggeryd.se,0370-67 80 00,http://www.vaggeryd.se,Box 43,56821,SKILLINGARYD
valdemarsviks kommun,Ja,Ja,Ja,563,5,valdemarsviks kommun,kommun@valdemarsvik.se,0123-19100,http://www.valdemarsvik.se,,61580,VALDEMARSVIK
vallentuna kommun,Ja,Vet inte,Vet inte,115,1,vallentuna kommun,kommun@vallentuna.se,08-58785000,http://www.vallentuna.se,,18686,VALLENTUNA
vansbro kommun,Ja,Ja,Ja,2021,20,vansbro kommun,vansbro.kommun@vansbro.se,0281-750 00,http://www.vansbro.se,,78050,VANSBRO
vara kommun,Ej svar,Ej svar,Ej svar,1470,14,vara kommun,vara.kommun@vara.se,0512-31000,http://www.vara.se,,53481,VARA
varbergs kommun,Ej svar,Ej svar,Ej svar,1383,13,varbergs kommun,ks@varberg.se,0340-880 00,http://www.varberg.se,,43280,VARBERG
vaxholms stad,Ja,Ja,Ja,187,1,vaxholms stad,kansliet@vaxholm.se,08-54170800,http://www.vaxholm.se,,18583,VAXHOLM
vellinge kommun,Ja,Ja,Ja,1233,12,vellinge kommun,vellinge.kommun@vellinge.se,040-42 50 00,http://www.vellinge.se,,23581,VELLINGE
vetlanda kommun,Nej,Nej,Nej,685,6,vetlanda kommun,kommun@vetlanda.se,0383-97100,http://www.vetlanda.se,,57480,VETLANDA
vilhelmina kommun,Nej,Nej,Nej,2462,24,vilhelmina kommun,vilhelmina.kommun@vilhelmina.se,0940-14000,http://www.vilhelmina.se,,91281,VILHELMINA
vimmerby kommun,Nej,Nej,Nej,884,8,vimmerby kommun,kommun@vimmerby.se,0492-769000,http://www.vimmerby.se,Stadshuset,59881,VIMMERBY
vindelns kommun,Ja,Ja,Ja,2404,24,vindelns kommun,vindelns.kommun@vindeln.se,0933-14000,http://www.vindeln.se,,92281,VINDELN
vingåkers kommun,Ja,Ja,Ja,428,4,vingåkers kommun,kommun@vingaker.se,0151-191 00,http://www.vingaker.se,,64380,VINGÅKER
vänersborgs kommun,Nej,Nej,Nej,1487,14,vänersborgs kommun,kommun@vanersborg.se,0521-721000,http://www.vanersborg.se,,46285,VÄNERSBORG
vännäs kommun,Nej,Nej,Nej,2460,24,vännäs kommun,vannas.kommun@vannas.se,0935-14000,http://www.vannas.se,,91181,VÄNNÄS
värmdö kommun,Ja,Ja,Ja,120,1,värmdö kommun,varmdo.kommun@varmdo.se,08-57047000,http://www.varmdo.se,,13481,GUSTAVSBERG
värnamo kommun,Ej svar,Ej svar,Ej svar,683,6,värnamo kommun,kontaktcenter@varnamo.se,0370-37 70 00,http://www.varnamo.se,,33183,VÄRNAMO
västerviks kommun,Nej,Nej,Nej,883,8,västerviks kommun,kommun@vastervik.se,0490-254000,http://www.vastervik.se,,59380,VÄSTERVIK
västerås stad,Ja,Ja,Ja,1980,19,västerås stad,kommunstyrelsen@vasteras.se,021-39 00 00,http://www.vasteras.se,Stadshuset,72187,VÄSTERÅS
växjö kommun,Ja,Ja,Ja,780,7,växjö kommun,kommunstyrelsen@vaxjo.se,0470-41000,http://www.vaxjo.se,Box 1222,35112,VÄXJÖ
vårgårda kommun,Ej svar,Ej svar,Ej svar,1442,14,vårgårda kommun,kommunen@vargarda.se,0322-600600,http://www.vargarda.se,,44780,VÅRGÅRDA
ydre kommun,Ja,Ja,Ja,512,5,ydre kommun,ydre.kommun@ydre.se,0381-66 12 00,http://www.ydre.se,Torget 4,57374,YDRE
ystads kommun,Ej svar Ej svar,Ej svar,,1286,12,ystads kommun,kommunen@ystad.se,0411-577000,http://www.ystad.se,,27180,YSTAD
älmhults kommun,Ja,Ja,Ja,765,7,älmhults kommun,info@almhult.se,0476-55000,http://www.almhult.se,Box 500,34323,ÄLMHULT
älvdalens kommun,Ej svar,Ej svar,Ej svar,2039,20,älvdalens kommun,kommun@alvdalen.se,0251-313 00,http://www.alvdalen.se,Box 100,79622,ÄLVDALEN
älvkarleby kommun,Ja,Ja,Ja,319,3,älvkarleby kommun,kommun@alvkarleby.se,026-83000,http://www.alvkarleby.se,Box 4,81421,SKUTSKÄR
älvsbyns kommun,Ja,Vet inte,Vet inte,2560,25,älvsbyns kommun,kommunen@alvsbyn.se,0929 - 17000,http://www.alvsbyn.se,,94285,ÄLVSBYN
ängelholms kommun,Ja,Ja,Ja,1292,12,ängelholms kommun,info@engelholm.se,0431-870 00,http://www.engelholm.se,,26280,ÄNGELHOLM
åmåls kommun,Ja,Ja,Ja,1492,14,åmåls kommun,kommun@amal.se,0532-17000,http://www.amal.se,Box 62,66222,ÅMÅL
ånge kommun,Ja,Ja,Ja,2260,22,ånge kommun,ange@ange.se,0690 - 25 01 00,http://www.ange.se,,84181,ÅNGE
åre kommun,Nej,Nej,Nej,2321,23,åre kommun,kundtjanst@are.se,0647-161 00,http://www.are.se,Box 201,83005,JÄRPEN
årjängs kommun,Ja,Ja,Ja,1765,17,årjängs kommun,kommun@arjang.se,0573-14100,http://www.arjang.se,Box 906,67229,ÅRJÄNG
åsele kommun,Ja,Nej,Nej,2463,24,åsele kommun,kommun@asele.se,0941-14000,http://www.asele.se,,91985,ÅSELE
åstorps kommun,Ja,Ja,Ja,1277,12,åstorps kommun,kommun@astorp.se,042-64000,http://www.astorp.se,,26580,ÅSTORP
åtvidabergs kommun,Ja,Ja,Ja,561,5,åtvidabergs kommun,kontakt@atvidaberg.se,0120-830 00,http://www.atvidaberg.se,Box 206,59725,ÅTVIDABERG
öckerö kommun,Ja,Ja,Ja,1407,14,öckerö kommun,kommun@ockero.se,031-976200,http://www.ockero.se,,47580,ÖCKERÖ
ödeshögs kommun,Ja,Ja,Ja,509,5,ödeshögs kommun,kommun@odeshog.se,0144-35000,http://www.odeshog.se,,59980,ÖDESHÖG
örebro kommun,Nej,Nej,Nej,1880,18,örebro kommun,kommun@orebro.se,019-211000,http://www.orebro.se,Box 30000,70135,ÖREBRO
örkelljunga kommun,Nej,Nej,Nej,1257,12,örkelljunga kommun,kommunkontor@orkelljunga.se,0435-55000,http://www.orkelljunga.se,,28680,ÖRKELLJUNGA
örnsköldsviks kommun,Nej,Nej,Nej,2284,22,örnsköldsviks kommun,kommunen@ornskoldsvik.se,0660-880 00,http://www.ornskoldsvik.se,,89188,ÖRNSKÖLDSVIK
östersunds kommun,Ej svar,Ej svar,Ej svar,2380,23,östersunds kommun,kundcenter@ostersund.se,063-14 30 00,http://www.ostersund.se,,83182,ÖSTERSUND
österåkers kommun,Ja,Ja,Ja,117,1,österåkers kommun,kommun@osteraker.se,08-54081000,http://www.osteraker.se,,18486,ÅKERSBERGA
östhammars kommun,Ej svar,Ej svar,Ej svar,382,3,östhammars kommun,kommunen@osthammar.se,0173-86000,http://www.osthammar.se,Box 66,74221,ÖSTHAMMAR
östra göinge kommun,Nej,Vet inte,Vet inte,1256,12,östra göinge kommun,kommun@ostragoinge.se,044-775 60 00,http://www.ostragoinge.se,Storgatan 4,28941,BROBY
överkalix kommun,Nej,Nej,Nej,2513,25,överkalix kommun,kommun@overkalix.se,0926-74000,http://www.overkalix.se,,95681,ÖVERKALIX
övertorneå kommun,Ja,Ja,Ja,2518,25,övertorneå kommun,kommun@overtornea.se,0927-72000,http://www.overtornea.se,,95785,ÖVERTORNEÅ
