Läns-/kommunkod;Länstillhörighet;Namn;E-post;Telefon;Webbadress;Postaddress 1;Postnr;Ort
1440;14;Ale kommun;kommun@ale.se;0303-70 30 00;http://www.ale.se;;44980;ALAFORS
1489;14;Alingsås kommun;kommunstyrelsen@alingsas.se;0322-616000;http://www.alingsas.se;;44181;ALINGSÅS
0765;07;Älmhults kommun;info@almhult.se;0476-55000;http://www.almhult.se;Box 500;34323;ÄLMHULT
2039;20;Älvdalens kommun;kommun@alvdalen.se;0251-313 00;http://www.alvdalen.se;Box 100;79622;ÄLVDALEN
0764;07;Alvesta kommun;klk@alvesta.se;0472-15000;http://www.alvesta.se;;34280;ALVESTA
0319;03;Älvkarleby kommun;kommun@alvkarleby.se;026-83000;http://www.alvkarleby.se;Box 4;81421;SKUTSKÄR
2560;25;Älvsbyns kommun;kommunen@alvsbyn.se;0929 - 17000;http://www.alvsbyn.se;;94285;ÄLVSBYN
1492;14;Åmåls kommun;kommun@amal.se;0532-17000;http://www.amal.se;Box 62;66222;ÅMÅL
0604;06;Aneby kommun;info@aneby.se;0380-461 00;http://www.aneby.se;Box 53;57822;ANEBY
2260;22;Ånge kommun;ange@ange.se;0690 - 25 01 00;http://www.ange.se;;84181;ÅNGE
1292;12;Ängelholms kommun;info@engelholm.se;0431-870 00;http://www.engelholm.se;;26280;ÄNGELHOLM
1984;19;Arboga kommun;arboga.kommun@arboga.se;0589-87000;http://www.arboga.se;Box 45;73221;ARBOGA
2321;23;Åre kommun;kundtjanst@are.se;0647-161 00;http://www.are.se;Box 201;83005;JÄRPEN
1765;17;Årjängs kommun;kommun@arjang.se;0573-14100;http://www.arjang.se;Box 906;67229;ÅRJÄNG
2506;25;Arjeplogs kommun;kommun@arjeplog.se;0961-140 00;http://www.arjeplog.se;;93881;ARJEPLOG
2505;25;Arvidsjaurs kommun;kommun@arvidsjaur.se;0960-15500;http://www.arvidsjaur.se;;93381;ARVIDSJAUR
1784;17;Arvika kommun;arvika.kommun@arvika.se;0570-816 00;http://www.arvika.se;;67181;ARVIKA
2463;24;Åsele kommun;kommun@asele.se;0941-14000;http://www.asele.se;;91985;ÅSELE
1882;18;Askersunds kommun;kommun@askersund.se;0583-81000;http://www.askersund.se;;69682;ASKERSUND
1277;12;Åstorps kommun;kommun@astorp.se;042-64000;http://www.astorp.se;;26580;ÅSTORP
0561;05;Åtvidabergs kommun;kontakt@atvidaberg.se;0120-830 00;http://www.atvidaberg.se;Box 206;59725;ÅTVIDABERG
2084;20;Avesta kommun;kommun@avesta.se;0226-645000;http://www.avesta.se;;77481;AVESTA
1278;12;Båstads kommun;bastads.kommun@bastad.se;0431-77000;http://www.bastad.se;;26980;BÅSTAD
1460;14;Bengtsfors kommun;kommun@bengtsfors.se;0531-526000;http://www.bengtsfors.se;Box 14;66621;BENGTSFORS
2326;23;Bergs kommun;bergs.kommun@berg.se;0687-161 00;http://www.berg.se;Box 73;84521;SVENSTAVIK
2403;24;Bjurholms kommun;kommunen@bjurholm.se;0932-14000;http://www.bjurholm.se;;91681;BJURHOLM
1260;12;Bjuvs kommun;info@bjuv.se;042-4585000;http://www.bjuv.se;Box 501;26725;BJUV
2582;25;Bodens kommun;kommunen@boden.se;0921-62000;http://www.boden.se;;96186;BODEN
1443;14;Bollebygds kommun;kommunen@bollebygd.se;033-23 13 00;http://www.bollebygd.se;;51783;BOLLEBYGD
2183;21;Bollnäs kommun;bollnas@bollnas.se;0278-25000;http://www.bollnas.se;;82180;BOLLNÄS
1490;14;Borås stad;boras.stad@boras.se;033-357000;http://www.boras.se;;50180;BORÅS
0885;08;Borgholms kommun;kommun@borgholm.se;0485-88000;http://www.borgholm.se;Box 52;38721;BORGHOLM
2081;20;Borlänge kommun;kommun@borlange.se;0243-74000;http://www.borlange.se;;78181;BORLÄNGE
0127;01;Botkyrka kommun;medborgarcenter@botkyrka.se;08-530 610 00;http://www.botkyrka.se;;14785;TUMBA
0560;05;Boxholms kommun;kommun@boxholm.se;0142-89500;http://www.boxholm.se;Box 79;59010;BOXHOLM
2305;23;Bräcke kommun;bracke@bracke.se;0693-16100;http://www.bracke.se;Box 190;84060;BRÄCKE
1272;12;Bromölla kommun;kommunstyrelsen@bromolla.se;0456-822000;http://www.bromolla.se;Box 18;29521;BROMÖLLA
1231;12;Burlövs kommun;burlovs.kommun@burlov.se;040-625 60 00;http://www.burlov.se;Box 53;23221;ARLÖV
1438;14;Dals-Eds kommun;kommun@dalsed.se;0534-190 00;http://www.dalsed.se;Box 31;66821;ED
0162;01;Danderyds kommun;kommunen@danderyd.se;08-568 910 00;http://www.danderyd.se;Box 66;18205;DJURSHOLM
1862;18;Degerfors kommun;kommun@degerfors.se;0586-48100;http://www.degerfors.se;;69380;DEGERFORS
2425;24;Dorotea kommun;info@dorotea.se;0942-14000;http://www.dorotea.se;;91781;DOROTEA
1730;17;Eda kommun;kommun@eda.se;0571-281 00;http://www.eda.se;Box 66;67322;CHARLOTTENBERG
0125;01;Ekerö kommun;info@ekero.se;08-124 571 00;http://www.ekero.se;Box 205;17823;EKERÖ
0686;06;Eksjö kommun;kommun@eksjo.se;0381-36000;http://www.eksjo.se;;57580;EKSJÖ
0862;08;Emmaboda kommun;kommunen@emmaboda.se;0471-24 90 00;http://www.emmaboda.se;Box 54;36121;EMMABODA
0381;03;Enköpings kommun;kommunen@enkoping.se;0171-62 50 00;http://www.enkoping.se;;74580;ENKÖPING
0484;04;Eskilstuna kommun;eskilstuna.kommun@eskilstuna.se;016-710 10 00;http://www.eskilstuna.se/;;63186;ESKILSTUNA
1285;12;Eslövs kommun;kommunen@eslov.se;0413-620 00;http://www.eslov.se;;24180;ESLÖV
1445;14;Essunga kommun;kommun@essunga.se;0512-57000;http://www.essunga.se;;46582;NOSSEBRO
1982;19;Fagersta kommun;info@fagersta.se;0223-44000;http://www.fagersta.se;;73780;FAGERSTA
1382;13;Falkenbergs kommun;kommun@falkenberg.se;0346-886000;http://www.falkenberg.se;;31180;FALKENBERG
1499;14;Falköpings kommun;kommunen@falkoping.se;0515-885000;http://www.falkoping.se;;52181;FALKÖPING
2080;20;Falu kommun;kontaktcenter@falun.se;023-830 00;http://www.falun.se;;79183;FALUN
1439;14;Färgelanda kommun;kommun@fargelanda.se;0528-567000;http://www.fargelanda.se;;45880;FÄRGELANDA
1782;17;Filipstads kommun;kommun@filipstad.se;0590-61100;http://www.filipstad.se;Box 303;68227;FILIPSTAD
0562;05;Finspångs kommun;kommun@finspang.se;0122-85000;http://www.finspang.se;;61280;FINSPÅNG
0482;04;Flens kommun;flenskommun@flen.se;0157-43 00 00;http://www.flen.se;;64281;FLEN
1763;17;Forshaga kommun;kommun@forshaga.se;054-172000;http://www.forshaga.se;Box 93;66722;FORSHAGA
2026;20;Gagnefs kommun;registrator@gagnef.se;0241-15100;http://www.gagnef.se;;78580;GAGNEF
2523;25;Gällivare kommun;post@gallivare.se;0970-81 80 00;http://www.gellivare.se;;98281;GÄLLIVARE
2180;21;Gävle kommun;gavle.kommun@gavle.se;026-17 80 00;http://www.gavle.se;;80184;GÄVLE
0662;06;Gislaveds kommun;kommunen@gislaved.se;0371-81000;http://www.gislaved.se;;33280;GISLAVED
0461;04;Gnesta kommun;gnesta.kommun@gnesta.se;0158-27 50 00;http://www.gnesta.se;;64680;GNESTA
0617;06;Gnosjö kommun;kommun@gnosjo.se;0370-331000;http://www.gnosjo.se;;33580;GNOSJÖ
1480;14;Göteborgs stad;stadsledningskontoret@stadshuset.goteborg.se;031-365 00 00;http://www.goteborg.se;;40482;GÖTEBORG
1471;14;Götene kommun;gotene.kommun@gotene.se;0511-38 60 00;http://www.gotene.se;;53380;GÖTENE
1444;14;Grästorps kommun;kommun@grastorp.se;0514-58000;http://www.grastorp.se;;46780;GRÄSTORP
1764;17;Grums kommun;kommunstyrelse@grums.se;0555-42000;http://www.grums.se;;66480;GRUMS
1447;14;Gullspångs kommun;kommun@gullspang.se;0506-36000;http://www.gullspang.se;Box 80;54822;HOVA
0643;06;Habo kommun;info@habokommun.se;036-4428000;http://www.habokommun.se;Box 212;56624;HABO
0305;03;Håbo kommun;kommun@habo.se;0171-525 00;http://www.habo.se;;74680;BÅLSTA
1783;17;Hagfors kommun;kommun@hagfors.se;0563-185 00;http://www.hagfors.se;;68380;HAGFORS
1863;18;Hällefors kommun;kommun@hellefors.se;0591-64100;http://www.hellefors.se;;71283;HÄLLEFORS
1861;18;Hallsbergs kommun;kommun@hallsberg.se;0582-685000;http://www.hallsberg.se;;69480;HALLSBERG
1961;19;Hallstahammars kommun;kommun@hallstahammar.se;0220-24000;http://www.hallstahammar.se;;73480;HALLSTAHAMMAR
1380;13;Halmstads kommun;kommunstyrelsen@halmstad.se;035-137000;http://www.halmstad.se;Box 153;30105;HALMSTAD
1761;17;Hammarö kommun;kommun@hammaro.se;054-51 50 00;http://www.hammaro.se;Box 26;66321;SKOGHALL
0136;01;Haninge kommun;haningekommun@haninge.se;08-6067000;http://www.haninge.se;;13681;HANINGE
2583;25;Haparanda stad;kommunen@haparanda.se;0922-260 00;http://www.haparanda.se;;95385;HAPARANDA
2361;23;Härjedalens kommun;kommun@herjedalen.se;0680-16100;http://www.herjedalen.se;Medborgarhuset;84280;SVEG
2280;22;Härnösands kommun;kommun@harnosand.se;0611-348000;http://www.harnosand.se;;87180;HÄRNÖSAND
1401;14;Härryda kommun;kommun@harryda.se;031-7246100;http://www.harryda.se;;43580;MÖLNLYCKE
1293;12;Hässleholms kommun;kommunen@hassleholm.se;0451-267000;http://www.hassleholm.se;Stadshuset;28180;HÄSSLEHOLM
0331;03;Heby kommun;information@heby.se;0224-36000;http://www.heby.se;;74488;HEBY
2083;20;Hedemora kommun;kommun@hedemora.se;0225-34000;http://www.hedemora.se;Box 201;77628;HEDEMORA
1283;12;Helsingborgs stad;kontaktcenter@helsingborg.se;042-10 50 00;http://www.helsingborg.se;;25189;HELSINGBORG
1466;14;Herrljunga kommun;herrljunga.kommun@herrljunga.se;0513-170 00;http://www.herrljunga.se;Box 201;52423;HERRLJUNGA
1497;14;Hjo kommun;kommunen@hjo.se;0503-350 00;http://www.hjo.se;;54481;HJO
2104;21;Hofors kommun;hofors.kommun@hofors.se;0290-29000;http://www.hofors.se;;81381;HOFORS
1284;12;Höganäs kommun;kommunen@hoganas.se;042-337100;http://www.hoganas.se;Stadshuset;26382;HÖGANÄS
0821;08;Högsby kommun;kommun@hogsby.se;0491-290 00;http://www.hogsby.se;;57980;HÖGSBY
1267;12;Höörs kommun;kommun@hoor.se;0413-28000;http://www.hoor.se;Box 53;24321;HÖÖR
1266;12;Hörby kommun;kommunen@horby.se;0415-37 80 00;http://www.horby.se;;24280;HÖRBY
0126;01;Huddinge kommun;servicecenter@huddinge.se;08-535 300 00;http://www.huddinge.se;;14185;HUDDINGE
2184;21;Hudiksvalls kommun;kommun@hudiksvall.se;0650-19000;http://www.hudiksvall.se;;82480;HUDIKSVALL
0860;08;Hultsfreds kommun;kommunen@hultsfred.se;0495-240000;http://www.hultsfred.se;Box 500;57726;HULTSFRED
1315;13;Hylte kommun;kommunen@hylte.se;0345-18000;http://www.hylte.se;;31480;HYLTEBRUK
0123;01;Järfälla kommun;kontakt@jarfalla.se;08-580 285 00;http://www.jarfalla.se;;17780;JÄRFÄLLA
2510;25;Jokkmokks kommun;kommun@jokkmokk.se;0971-17000;http://www.jokkmokk.se;;96285;JOKKMOKK
0680;06;Jönköpings kommun;kommunstyrelse@jonkoping.se;036-10 50 00;http://www.jonkoping.se;;55189;JÖNKÖPING
2514;25;Kalix kommun;kommun@kalix.se;0923-65000;http://www.kalix.se;;95281;KALIX
0880;08;Kalmar kommun;kommun@kalmar.se;0480-450000;http://www.kalmar.se;Box 611;39126;KALMAR
1446;14;Karlsborgs kommun;kommun@karlsborg.se;0505-17000;http://www.karlsborg.se;;54682;KARLSBORG
1082;10;Karlshamns kommun;info@karlshamn.se;0454-81000;http://www.karlshamn.se;;37481;KARLSHAMN
1883;18;Karlskoga kommun;info@karlskoga.se;0586-610 00;http://www.karlskoga.se;;69183;KARLSKOGA
1080;10;Karlskrona kommun;karlskrona.kommun@karlskrona.se;0455-303000;http://www.karlskrona.se;;37183;KARLSKRONA
1780;17;Karlstads kommun;karlstadskommun@karlstad.se;054-5400000;http://www.karlstad.se;;65184;KARLSTAD
0483;04;Katrineholms kommun;kommunen@katrineholm.se;0150-570 00;http://www.katrineholm.se;;64180;KATRINEHOLM
1261;12;Kävlinge kommun;kommunen@kavlinge.se;046-73 90 00;http://www.kavlinge.se;;24480;KÄVLINGE
1715;17;Kils kommun;kommun@kil.se;0554-19100;http://www.kil.se;Box 88;66523;KIL
0513;05;Kinda kommun;kinda@kinda.se;0494-19000;http://www.kinda.se;Box 1;59040;KISA
2584;25;Kiruna kommun;kommun@kiruna.se;0980-700 00;http://www.kiruna.se;;98185;KIRUNA
1276;12;Klippans kommun;kommun@klippan.se;0435-28000;http://www.klippan.se;;26480;KLIPPAN
0330;03;Knivsta kommun;knivsta@knivsta.se;018-347000;http://www.knivsta.se;;74175;KNIVSTA
1983;19;Köpings kommun;kopings.kommun@koping.se;0221-25000;http://www.koping.se;;73185;KÖPING
2282;22;Kramfors kommun;kommun@kramfors.se;0612-800 00;http://www.kramfors.se;;87280;KRAMFORS
1290;12;Kristianstads kommun;kommun@kristianstad.se;044-13 50 00;http://www.kristianstad.se;;29180;KRISTIANSTAD
1781;17;Kristinehamns kommun;kommunen@kristinehamn.se;0550-88000;http://www.kristinehamn.se;;68184;KRISTINEHAMN
2309;23;Krokoms kommun;krokoms.kommun@krokom.se;0640-16100;http://www.krokom.se;;83580;KROKOM
1881;18;Kumla kommun;kommun@kumla.se;019-58 80 00;http://www.kumla.se;;69280;KUMLA
1482;14;Kungälvs kommun;kommun@kungalv.se;0303-23 80 00;http://www.kungalv.se;;44281;KUNGÄLV
1384;13;Kungsbacka kommun;kommun@kungsbacka.se;0300-834000;http://www.kungsbacka.se;Stadshuset;43481;KUNGSBACKA
1960;19;Kungsörs kommun;info@kungsor.se;0227-600000;http://www.kungsor.se;;73685;KUNGSÖR
1381;13;Laholms kommun;kommun@laholm.se;0430-150 00;http://www.laholm.se;;31280;LAHOLM
1282;12;Landskrona stad;kommun@landskrona.se;0418-470000;http://www.landskrona.se;Stadshuset;26180;LANDSKRONA
1860;18;Laxå kommun;kommun@laxa.se;0584-473100;http://www.laxa.se;;69580;LAXÅ
1814;18;Lekebergs kommun;kontaktcenter@lekeberg.se;0585-487 00;http://www.lekeberg.se;;71681;FJUGESTA
2029;20;Leksands kommun;kommun@leksand.se;0247-80000;http://www.leksand.se;;79380;LEKSAND
1441;14;Lerums kommun;kommun@lerum.se;0302-52 10 00;http://www.lerum.se;;44380;LERUM
0761;07;Lessebo kommun;info@lessebo.se;0478-125 00;http://www.lessebo.se;Box 13;36050;LESSEBO
0186;01;Lidingö stad;lidingo.stad@lidingo.se;08-731 30 00;http://www.lidingo.se;;18182;LIDINGÖ
1494;14;Lidköpings kommun;kommun@lidkoping.se;0510-770000;http://www.lidkoping.se;;53188;LIDKÖPING
1462;14;Lilla Edets kommun;kommunen@lillaedet.se;0520-659500;http://www.lillaedet.se;;46380;LILLA EDET
1885;18;Lindesbergs kommun;kommun@lindesberg.se;0581-81000;http://www.lindesberg.se;;71180;LINDESBERG
0580;05;Linköpings kommun;kontakt@linkoping.se;013-20 60 00;http://www.linkoping.se;;58181;LINKÖPING
0781;07;Ljungby kommun;info@ljungby.se;0372-78 90 00;http://www.ljungby.se;;34183;LJUNGBY
2161;21;Ljusdals kommun;kommun@ljusdal.se;0651-18000;http://www.ljusdal.se;;82780;LJUSDAL
1864;18;Ljusnarsbergs kommun;kommun@ljusnarsberg.se;0580-805 00;http://www.ljusnarsberg.se;;71480;KOPPARBERG
1262;12;Lomma kommun;info@lomma.se;040-641 10 00;http://www.lomma.se;;23481;LOMMA
2085;20;Ludvika kommun;info@ludvika.se;0240-86000;http://www.ludvika.se;;77182;LUDVIKA
2580;25;Luleå kommun;lulea.kommun@lulea.se;0920-45 30 00;http://www.lulea.se;;97185;LULEÅ
1281;12;Lunds kommun;lunds.kommun@lund.se;046-355000;http://www.lund.se;Box 41;22100;LUND
2481;24;Lycksele kommun;kommun@lycksele.se;0950-16600;http://www.lycksele.se;;92181;LYCKSELE
1484;14;Lysekils kommun;registrator@lysekil.se;0523-61 30 00;http://www.lysekil.se;;45380;LYSEKIL
2418;24;Malå kommun;kommunstyrelsen@mala.se;0953-140 00;http://www.mala.se;;93070;MALÅ
1280;12;Malmö stad;kommunstyrelsen@malmo.se;040-341000;http://www.malmo.se;;20580;MALMÖ
2023;20;Malung-Sälens kommun;kommun@malung-salen.se;0280-18100;http://www.malung-salen.se;Box 14;78221;MALUNG
1493;14;Mariestads kommun;info@mariestad.se;0501-755000;http://www.mariestad.se;;54286;MARIESTAD
0767;07;Markaryds kommun;ks@markaryd.se;0433-72000;http://www.markaryd.se;Box 74;28522;MARKARYD
1463;14;Marks kommun;ks@mark.se;0320-217000;http://www.mark.se;;51180;KINNA
1461;14;Melleruds kommun;kommunen@mellerud.se;0530-18000;http://www.mellerud.se;;46480;MELLERUD
0586;05;Mjölby kommun;mjolbykommun@mjolby.se;0142-850 00;http://www.mjolby.se;;59580;MJÖLBY
1481;14;Mölndals stad;kontakt@molndal.se;031-315 10 00;http://www.molndal.se;;43182;MÖLNDAL
0861;08;Mönsterås kommun;kommun@monsteras.se;0499-17000;http://www.monsteras.se;Box 54;38322;MÖNSTERÅS
2062;20;Mora kommun;mora.kommun@mora.se;0250-26000;http://www.mora.se;;79280;MORA
0840;08;Mörbylånga kommun;kommun@morbylanga.se;0485-47000;http://www.morbylanga.se;;38680;MÖRBYLÅNGA
0583;05;Motala kommun;motala.kommun@motala.se;0141-22 50 00;http://www.motala.se/kommun;;59186;MOTALA
0642;06;Mullsjö kommun;kommun@mullsjo.se;0392-140 00;http://www.mullsjo.se;Box 47;56521;MULLSJÖ
1430;14;Munkedals kommun;munkedal.kommun@munkedal.se;0524-18000;http://www.munkedal.se;;45580;MUNKEDAL
1762;17;Munkfors kommun;kommun@munkfors.se;0563-54 10 00;http://www.munkfors.se;Box 13;68421;MUNKFORS
0182;01;Nacka kommun;registrator@nacka.se;08-718 80 00;http://www.nacka.se;;13181;NACKA
0682;06;Nässjö kommun;kommunstyrelsen@nassjo.se;0380-51 80 00;http://www.nassjo.se;;57180;NÄSSJÖ
1884;18;Nora kommun;nora.kommun@nora.se;0587-81000;http://www.nora.se;Tingshuset;71380;NORA
1962;19;Norbergs kommun;info@norberg.se;0223-290 00;http://www.norberg.se;Box 25;73821;NORBERG
2132;21;Nordanstigs kommun;kommun@nordanstig.se;0652-360 00;http://www.nordanstig.se;Box 56;82921;BERGSJÖ
2401;24;Nordmalings kommun;kommun@nordmaling.se;0930-14000;http://www.nordmaling.se;;91481;NORDMALING
0581;05;Norrköpings kommun;norrkoping.kommun@norrkoping.se;011-150000;http://www.norrkoping.se;Rådhuset;60181;NORRKÖPING
0188;01;Norrtälje kommun;kontaktcenter@norrtalje.se;0176-710 00;http://www.norrtalje.se;Box 800;76128;NORRTÄLJE
2417;24;Norsjö kommun;info@norsjo.se;0918-14000;http://www.norsjo.se;;93581;NORSJÖ
0881;08;Nybro kommun;kommun@nybro.se;0481-45000;http://www.nybro.se;;38280;NYBRO
0480;04;Nyköpings kommun;kommun@nykoping.se;0155-248000;http://www.nykoping.se;;61183;NYKÖPING
0140;01;Nykvarns kommun;kommun@nykvarn.se;08-555 01000;http://www.nykvarn.se;;15580;NYKVARN
0192;01;Nynäshamns kommun;kommunstyrelsen@nynashamn.se;08-520 680 00;http://www.nynashamn.se;;14981;NYNÄSHAMN
2101;21;Ockelbo kommun;kommun@ockelbo.se;0297-55500;http://www.ockelbo.se;;81680;OCKELBO
1407;14;Öckerö kommun;kommun@ockero.se;031-976200;http://www.ockero.se;;47580;ÖCKERÖ
0509;05;Ödeshögs kommun;kommun@odeshog.se;0144-35000;http://www.odeshog.se;;59980;ÖDESHÖG
1060;10;Olofströms kommun;ks@olofstrom.se;0454-93000;http://www.olofstrom.se;Box 302;29324;OLOFSTRÖM
1880;18;Örebro kommun;kommun@orebro.se;019-211000;http://www.orebro.se;Box 30000;70135;ÖREBRO
1257;12;Örkelljunga kommun;kommunkontor@orkelljunga.se;0435-55000;http://www.orkelljunga.se;;28680;ÖRKELLJUNGA
2284;22;Örnsköldsviks kommun;kommunen@ornskoldsvik.se;0660-880 00;http://www.ornskoldsvik.se;;89188;ÖRNSKÖLDSVIK
2034;20;Orsa kommun;orsa.kommun@orsa.se;0250-552100;http://www.orsa.se;Box 23;79421;ORSA
1421;14;Orust kommun;kommun@orust.se;0304-33 40 00;http://www.orust.se;;47380;HENÅN
1273;12;Osby kommun;kommun@osby.se;0479-180 00;http://www.osby.se;;28380;OSBY
0882;08;Oskarshamns kommun;kommunen@oskarshamn.se;0491-88000;http://www.oskarshamn.se;Box 706;57228;OSKARSHAMN
0117;01;Österåkers kommun;kommun@osteraker.se;08-54081000;http://www.osteraker.se;;18486;ÅKERSBERGA
2380;23;Östersunds kommun;kundcenter@ostersund.se;063-14 30 00;http://www.ostersund.se;;83182;ÖSTERSUND
0382;03;Östhammars kommun;kommunen@osthammar.se;0173-86000;http://www.osthammar.se;Box 66;74221;ÖSTHAMMAR
1256;12;Östra Göinge kommun;kommun@ostragoinge.se;044-775 60 00;http://www.ostragoinge.se;Storgatan 4;28941;BROBY
2121;21;Ovanåkers kommun;kommun@ovanaker.se;0271-570 00;http://www.ovanaker.se;;82880;EDSBYN
2513;25;Överkalix kommun;kommun@overkalix.se;0926-74000;http://www.overkalix.se;;95681;ÖVERKALIX
2518;25;Övertorneå kommun;kommun@overtornea.se;0927-72000;http://www.overtornea.se;;95785;ÖVERTORNEÅ
0481;04;Oxelösunds kommun;kommun@oxelosund.se;0155-38000;http://www.oxelosund.se;;61381;OXELÖSUND
2521;25;Pajala kommun;kommun@pajala.se;0978-12000;http://www.pajala.se;;98485;PAJALA
1402;14;Partille kommun;kundcenter@partille.se;031-792 10 00;http://www.partille.se;;43382;PARTILLE
1275;12;Perstorps kommun;kommunhuset@perstorp.se;0435-39000;http://www.perstorp.se;;28485;PERSTORP
2581;25;Piteå kommun;kommun@pitea.se;0911-696000;http://www.pitea.se;;94185;PITEÅ
2303;23;Ragunda kommun;ragunda.kommun@ragunda.se;0696-68 20 00;http://www.ragunda.se;Box 150;84421;HAMMARSTRAND
2031;20;Rättviks kommun;kommun@rattvik.se;0248-70000;http://www.rattvik.se;;79580;RÄTTVIK
0980;09;Region Gotland (kommun);regiongotland@gotland.se;0498-26 90 00;http://www.gotland.se;;62181;VISBY
2409;24;Robertsfors kommun;kommun@robertsfors.se;0934-14000;http://www.robertsfors.se;;91581;ROBERTSFORS
1081;10;Ronneby kommun;stadshuset@ronneby.se;0457-618000;http://www.ronneby.se;Stadshuset;37280;RONNEBY
1785;17;Säffle kommun;kommun@saffle.se;0533-681000;http://www.saffle.se;;66180;SÄFFLE
1981;19;Sala kommun;kommun.info@sala.se;0224-74 70 00;http://www.sala.se;Box 304;73325;SALA
0128;01;Salems kommun;info@salem.se;08-53259800;http://www.salem.se;;14480;RÖNNINGE
2181;21;Sandvikens kommun;kommun@sandviken.se;026-240000;http://www.sandviken.se;;81180;SANDVIKEN
2082;20;Säters kommun;kommun@sater.se;0225-550 00;http://www.sater.se;Box 300;78327;SÄTER
0684;06;Sävsjö kommun;kommun@savsjo.se;0382-15200;http://www.savsjo.se;;57680;SÄVSJÖ
0191;01;Sigtuna kommun;sigtuna.kommun@sigtuna.se;08-59126000;http://www.sigtuna.se;;19585;MÄRSTA
1291;12;Simrishamns kommun;simrishamns.kommun@simrishamn.se;0414-81 90 00;http://www.simrishamn.se;;27280;SIMRISHAMN
1265;12;Sjöbo kommun;kommun@sjobo.se;0416-27000;http://www.sjobo.se;;27580;SJÖBO
1495;14;Skara kommun;skara.kommun@skara.se;0511-32000;http://www.skara.se;;53288;SKARA
2482;24;Skellefteå kommun;kundtjanst@skelleftea.se;0910-735000;http://www.skelleftea.se;;93185;SKELLEFTEÅ
1904;19;Skinnskattebergs kommun;kommun@skinnskatteberg.se;0222-45000;http://www.skinnskatteberg.se;Box 101;73922;SKINNSKATTEBERG
1496;14;Skövde kommun;skovdekommun@skovde.se;0500-49 80 00;http://www.skovde.se;;54183;SKÖVDE
1264;12;Skurups kommun;kansli@skurup.se;0411-536000;http://www.skurup.se;;27480;SKURUP
2061;20;Smedjebackens kommun;kommun@smedjebacken.se;0240-660000;http://www.smedjebacken.se;;77781;SMEDJEBACKEN
2182;21;Söderhamns kommun;kommunstyrelsen@soderhamn.se;0270-75000;http://www.soderhamn.se;;82680;SÖDERHAMN
0582;05;Söderköpings kommun;kommun@soderkoping.se;0121-18100;http://www.soderkoping.se;;61480;SÖDERKÖPING
0181;01;Södertälje kommun;sodertalje.kommun@sodertalje.se;08-523 010 00;http://www.sodertalje.se;;15189;SÖDERTÄLJE
2283;22;Sollefteå kommun;kommun@solleftea.se;0620-682000;http://www.solleftea.se;;88180;SOLLEFTEÅ
0163;01;Sollentuna kommun;sollentuna.kommun@sollentuna.se;08-57921000;http://www.sollentuna.se;;19186;SOLLENTUNA
0184;01;Solna stad;kommunstyrelsen@solna.se;08-746 10 00;http://www.solna.se;;17186;SOLNA
1083;10;Sölvesborgs kommun;info@solvesborg.se;0456-81 60 00;http://www.solvesborg.se;;29480;SÖLVESBORG
2422;24;Sorsele kommun;kommun@sorsele.se;0952-140 00;http://www.sorsele.se;;92481;SORSELE
1427;14;Sotenäs kommun;info@sotenas.se;0523 - 66 40 00;http://www.sotenas.se;;45680;KUNGSHAMN
1230;12;Staffanstorps kommun;kommunen@staffanstorp.se;046-251100;http://www.staffanstorp.se;;24580;STAFFANSTORP
1415;14;Stenungsunds kommun;kommun@stenungsund.se;0303-730000;http://www.stenungsund.se;;44482;STENUNGSUND
0180;01;Stockholms stad;kommunstyrelsen@stockholm.se;08 - 508 290 00;http://www.stockholm.se;Stadshuset;10535;STOCKHOLM
1760;17;Storfors kommun;storfors.kommun@storfors.se;0550-65100;http://www.storfors.se;Box 1001;68829;STORFORS
2421;24;Storumans kommun;ks@storuman.se;0951-14000;http://www.storuman.se;;92381;STORUMAN
0486;04;Strängnäs kommun;kommun@strangnas.se;0152-291 00;http://www.strangnas.se;;64580;STRÄNGNÄS
1486;14;Strömstads kommun;kommun@stromstad.se;0526-19000;http://www.stromstad.se;;45280;STRÖMSTAD
2313;23;Strömsunds kommun;kommun@stromsund.se;0670-161 00;http://www.stromsund.se;Box 500;83324;STRÖMSUND
0183;01;Sundbybergs stad;kommunstyrelsen@sundbyberg.se;08-7068000;http://www.sundbyberg.se;;17292;SUNDBYBERG
2281;22;Sundsvalls kommun;sundsvalls.kommun@sundsvall.se;060-191000;http://www.sundsvall.se;;85185;SUNDSVALL
1766;17;Sunne kommun;kommun@sunne.se;0565-16000;http://www.sunne.se;;68680;SUNNE
1907;19;Surahammars kommun;kommunen@surahammar.se;0220-39000;http://www.surahammar.se;Box 203;73523;SURAHAMMAR
1214;12;Svalövs kommun;info@svalov.se;0418-475000;http://www.svalov.se;;26880;SVALÖV
1263;12;Svedala kommun;kommunen@svedala.se;040-626 80 00;http://www.svedala.se;;23380;SVEDALA
1465;14;Svenljunga kommun;kansliet@svenljunga.se;0325-18000;http://www.svenljunga.se;;51280;SVENLJUNGA
0160;01;Täby kommun;kc@taby.se;08-555 590 00;http://www.taby.se;;18380;TÄBY
1435;14;Tanums kommun;kommun@tanum.se;0525-180 00;http://www.tanum.se;;45781;TANUMSHEDE
1472;14;Tibro kommun;kommun@tibro.se;0504-18000;http://www.tibro.se;;54380;TIBRO
1498;14;Tidaholms kommun;tidaholms.kommun@tidaholm.se;0502-606000;http://www.tidaholm.se;;52283;TIDAHOLM
0360;03;Tierps kommun;kommunstyrelsen@tierp.se;0293-18000;http://www.tierp.se;;81580;TIERP
2262;22;Timrå kommun;timra.kommun@timra.se;060-163100;http://www.timra.se;;86182;TIMRÅ
0763;07;Tingsryds kommun;kommunen@tingsryd.se;0477-44100;http://www.tingsryd.se;Box 88;36222;TINGSRYD
1419;14;Tjörns kommun;kommun@tjorn.se;0304-601000;http://www.tjorn.se;;47180;SKÄRHAMN
1270;12;Tomelilla kommun;kommun@tomelilla.se;0417-18000;http://www.tomelilla.se;;27380;TOMELILLA
1473;14;Töreboda kommun;kommunen@toreboda.se;0506-18000;http://www.toreboda.se;Box 83;54522;TÖREBODA
0834;08;Torsås kommun;info@torsas.se;0486-33100;http://www.torsas.se;Box 503;38525;TORSÅS
1737;17;Torsby kommun;torsby.kommun@torsby.se;0560-16000;http://www.torsby.se;;68580;TORSBY
0687;06;Tranås kommun;tranaskommun@tranas.se;0140-68100;http://www.tranas.se;;57382;TRANÅS
1452;14;Tranemo kommun;kommun@tranemo.se;0325-576000;http://www.tranemo.se;;51480;TRANEMO
1287;12;Trelleborgs kommun;trelleborgs.kommun@trelleborg.se;0410-733000;http://www.trelleborg.se;;23183;TRELLEBORG
1488;14;Trollhättans stad;trollhattans.stad@trollhattan.se;0520-495000;http://www.trollhattan.se;;46183;TROLLHÄTTAN
0488;04;Trosa kommun;trosa@trosa.se;0156-52000;http://www.trosa.se;;61980;TROSA
0138;01;Tyresö kommun;kommun@tyreso.se;08-5782 9100;http://www.tyreso.se;;13581;TYRESÖ
1485;14;Uddevalla kommun;kommunen@uddevalla.se;0522-696000;http://www.uddevalla.se;;45181;UDDEVALLA
1491;14;Ulricehamns kommun;kommun@ulricehamn.se;0321-595000;http://www.ulricehamn.se;;52386;ULRICEHAMN
2480;24;Umeå kommun;umea.kommun@umea.se;090- 16 10 00;http://www.umea.se;;90184;UMEÅ
0114;01;Upplands Väsby kommun;upplands.vasby.kommun@upplandsvasby.se;08-590 970 00;http://www.upplandsvasby.se;;19480;UPPLANDS VÄSBY
0139;01;Upplands-Bro kommun;kommun@upplands-bro.se;08-581 690 00;http://www.upplands-bro.se;;19681;KUNGSÄNGEN
0380;03;Uppsala kommun;uppsala.kommun@uppsala.se;018-7270000;http://www.uppsala.se;;75375;UPPSALA
0760;07;Uppvidinge kommun;ledningskontoret@uppvidinge.se;0474-470 00;http://www.uppvidinge.se;Box 59;36421;ÅSEDA
0584;05;Vadstena kommun;vadstena.kommun@vadstena.se;0143-15000;http://www.vadstena.se;;59280;VADSTENA
0665;06;Vaggeryds kommun;info@vaggeryd.se;0370-67 80 00;http://www.vaggeryd.se;Box 43;56821;SKILLINGARYD
0563;05;Valdemarsviks kommun;kommun@valdemarsvik.se;0123-19100;http://www.valdemarsvik.se;;61580;VALDEMARSVIK
0115;01;Vallentuna kommun;kommun@vallentuna.se;08-58785000;http://www.vallentuna.se;;18686;VALLENTUNA
1487;14;Vänersborgs kommun;kommun@vanersborg.se;0521-721000;http://www.vanersborg.se;;46285;VÄNERSBORG
2460;24;Vännäs kommun;vannas.kommun@vannas.se;0935-14000;http://www.vannas.se;;91181;VÄNNÄS
2021;20;Vansbro kommun;vansbro.kommun@vansbro.se;0281-750 00;http://www.vansbro.se;;78050;VANSBRO
1470;14;Vara kommun;vara.kommun@vara.se;0512-31000;http://www.vara.se;;53481;VARA
1383;13;Varbergs kommun;ks@varberg.se;0340-880 00;http://www.varberg.se;;43280;VARBERG
1442;14;Vårgårda kommun;kommunen@vargarda.se;0322-600600;http://www.vargarda.se;;44780;VÅRGÅRDA
0120;01;Värmdö kommun;varmdo.kommun@varmdo.se;08-57047000;http://www.varmdo.se;;13481;GUSTAVSBERG
0683;06;Värnamo kommun;kontaktcenter@varnamo.se;0370-37 70 00;http://www.varnamo.se;;33183;VÄRNAMO
1980;19;Västerås stad;kommunstyrelsen@vasteras.se;021-39 00 00;http://www.vasteras.se;Stadshuset;72187;VÄSTERÅS
0883;08;Västerviks kommun;kommun@vastervik.se;0490-254000;http://www.vastervik.se;;59380;VÄSTERVIK
0187;01;Vaxholms stad;kansliet@vaxholm.se;08-54170800;http://www.vaxholm.se;;18583;VAXHOLM
0780;07;Växjö kommun;kommunstyrelsen@vaxjo.se;0470-41000;http://www.vaxjo.se;Box 1222;35112;VÄXJÖ
1233;12;Vellinge kommun;vellinge.kommun@vellinge.se;040-42 50 00;http://www.vellinge.se;;23581;VELLINGE
0685;06;Vetlanda kommun;kommun@vetlanda.se;0383-97100;http://www.vetlanda.se;;57480;VETLANDA
2462;24;Vilhelmina kommun;vilhelmina.kommun@vilhelmina.se;0940-14000;http://www.vilhelmina.se;;91281;VILHELMINA
0884;08;Vimmerby kommun;kommun@vimmerby.se;0492-769000;http://www.vimmerby.se;Stadshuset;59881;VIMMERBY
2404;24;Vindelns kommun;vindelns.kommun@vindeln.se;0933-14000;http://www.vindeln.se;;92281;VINDELN
0428;04;Vingåkers kommun;kommun@vingaker.se;0151-191 00;http://www.vingaker.se;;64380;VINGÅKER
0512;05;Ydre kommun;ydre.kommun@ydre.se;0381-66 12 00;http://www.ydre.se;Torget 4;57374;YDRE
1286;12;Ystads kommun;kommunen@ystad.se;0411-577000;http://www.ystad.se;;27180;YSTAD
